epoch,step,train_loss
0,49,5.7290544509887695
1,99,4.7497711181640625
2,149,4.382830619812012
3,199,4.281949043273926
4,249,4.110482215881348
