epoch,step,train_loss
0,49,5.6259965896606445
1,99,4.798099040985107
2,149,4.521164894104004
3,199,4.335999965667725
4,249,4.251061916351318
